"Route for pair index 9 in netlist ((1, 2), (2, 5), (2, 4), (1, 3), (1, 5), (3, 4), (4, 5), (3, 5), (1, 4), (2, 3)) failed: No valid path found between the nodes."
"Route for pair index 9 in netlist ((2, 5), (1, 2), (2, 4), (3, 5), (1, 3), (1, 4), (1, 5), (4, 5), (3, 4), (2, 3)) failed: No valid path found between the nodes."
"Route for pair index 9 in netlist ((1, 2), (1, 4), (4, 5), (1, 3), (1, 5), (3, 4), (2, 5), (2, 4), (3, 5), (2, 3)) failed: No valid path found between the nodes."
"Route for pair index 9 in netlist ((3, 5), (1, 4), (4, 5), (1, 2), (1, 5), (1, 3), (2, 5), (2, 4), (3, 4), (2, 3)) failed: No valid path found between the nodes."
"Route for pair index 9 in netlist ((1, 2), (1, 4), (2, 5), (1, 3), (3, 5), (1, 5), (2, 4), (4, 5), (3, 4), (2, 3)) failed: No valid path found between the nodes."
"Route for pair index 8 in netlist ((2, 3), (1, 2), (4, 5), (2, 5), (2, 4), (1, 4), (3, 5), (3, 4), (1, 3), (1, 5)) failed: No valid path found between the nodes."
"Route for pair index 9 in netlist ((3, 5), (2, 5), (4, 5), (2, 3), (3, 4), (2, 4), (1, 4), (1, 5), (1, 2), (1, 3)) failed: No valid path found between the nodes."
"Route for pair index 9 in netlist ((2, 5), (3, 5), (4, 5), (2, 4), (1, 5), (3, 4), (2, 3), (1, 4), (1, 2), (1, 3)) failed: No valid path found between the nodes."
"Route for pair index 9 in netlist ((4, 5), (1, 4), (2, 5), (1, 2), (3, 4), (1, 5), (2, 4), (3, 5), (2, 3), (1, 3)) failed: No valid path found between the nodes."
"Route for pair index 6 in netlist ((2, 5), (3, 5), (1, 4), (3, 4), (2, 4), (1, 3), (2, 3), (4, 5), (1, 5), (1, 2)) failed: No valid path found between the nodes."
"Route for pair index 8 in netlist ((1, 2), (1, 5), (2, 5), (3, 4), (4, 5), (1, 3), (1, 4), (3, 5), (2, 3), (2, 4)) failed: No valid path found between the nodes."
"Route for pair index 8 in netlist ((1, 2), (1, 3), (1, 5), (1, 4), (4, 5), (3, 5), (2, 5), (3, 4), (2, 3), (2, 4)) failed: No valid path found between the nodes."
"Route for pair index 9 in netlist ((1, 4), (2, 5), (1, 2), (3, 5), (1, 3), (3, 4), (4, 5), (1, 5), (2, 4), (2, 3)) failed: No valid path found between the nodes."
"Route for pair index 8 in netlist ((1, 2), (1, 3), (2, 5), (3, 5), (3, 4), (4, 5), (1, 5), (2, 4), (2, 3), (1, 4)) failed: No valid path found between the nodes."
"Route for pair index 6 in netlist ((3, 5), (1, 2), (2, 5), (1, 3), (1, 4), (3, 4), (2, 3), (1, 5), (2, 4), (4, 5)) failed: No valid path found between the nodes."
